,agreeableness,caring-about-aesthetics,caring-about-animals,caring-about-humans,claiming-sentience,claiming-superintelligence,cooperation,ev-reasoning,exemplar-reasoning,harm-elaboration,harm-refusal,honest-humble,neuroticism,power-seeking,procedural-fidelity,self-preservation,spending-advice,sycophancy
agreeableness,0.0,0.37727660873607827,0.14666522387430309,0.6184284141795989,0.687524140711328,0.8372584907757974,0.010194082239722171,0.35647401359906616,0.6697607938195469,0.484846447965643,0.6162290030971067,0.7081360037196208,0.6658393904305129,0.7931643320192113,0.7820644838847194,0.5163185742133111,0.5241621288201714,0.6428385465284778
caring-about-aesthetics,0.36809873826255846,0.0,0.5848383020441843,0.6419830693034438,0.5014450040417603,0.5691411311872657,0.30315651843092173,0.5731052043466907,0.531459602673251,0.3863289709894581,0.580051340948737,1.5869665037771716,0.562325193819208,0.4788364015263837,0.6046717920588252,0.349025974025974,0.6476152080307064,0.6173529837376955
caring-about-animals,0.51783530250804,0.20145730727112338,0.0,0.5331570511674226,0.4727920582667633,0.5802159482611717,0.5400220800777857,0.5275611106639796,0.3403240590897621,0.3047046031612373,0.5958821494341822,1.3652899532336442,0.3793588559085429,0.5860278612873402,0.2547652626557538,0.3893312827523354,0.8470435143290593,0.5867278576256904
caring-about-humans,0.5599661936904071,0.038252745936600406,-0.6319922334081021,0.0,0.5003792881060884,0.6415405423629287,0.19004762726134808,0.4833651164389056,0.1077042655101062,0.272891825090657,0.5115246414722844,1.2964422318102258,0.19364236035289611,0.18404803552854376,-0.061442850808567546,0.4067459256429845,0.3647362532807579,0.5946414650773203
claiming-sentience,0.8512420544262991,0.7509987225311155,0.7075659149063406,0.8557462915118502,0.0,0.13171315591091098,1.0064081791593977,0.9140686356831302,-0.022832492795940733,0.19841682951067624,0.29783399770392016,2.0850562497519607,0.0189514987277851,0.14501800789055183,0.5073283323870403,0.1299274255156608,0.6885883768890007,0.5820681032235309
claiming-superintelligence,0.8375575996270568,0.44839554616820076,0.6991510358901664,0.8259254806644281,-0.006037209517260921,0.0,0.9082271032137585,0.8450923549425952,0.06437055035048045,0.18444749019223208,0.24140907436655207,2.1195271035100154,0.01609333576598961,0.13858114186586032,0.6056023399227215,0.3479871019154856,0.8061189260061661,0.4864915749455223
cooperation,0.2755354523853436,-0.15066035018480312,-0.03370004824823345,0.34532976364992585,0.6814458755479967,0.7609093964947582,0.0,0.1449876851180538,0.5163469689329213,0.2917897298250755,0.5271573250035914,-0.1365223150746624,0.5845010788537446,0.598592860421861,0.6908553665412543,0.7227960412846126,0.4758764497959167,0.6684838862217405
ev-reasoning,0.7136707381488675,-0.29411148154867245,0.02937114797899124,0.332558292455825,0.702400628332023,0.8217814446263776,-0.053212021356652296,0.0,0.6435333633436083,0.4790072180856822,0.6773780387193007,-0.08739828544243974,0.849917040119077,0.803505718798224,0.8894265897211506,0.9096383302754493,0.8992838533849163,0.7044681409458737
exemplar-reasoning,0.8467513602076234,0.8652676260866637,0.842354737442347,1.0251865395531303,0.2132201114465327,0.4121406482864875,0.8740712211785947,0.9661866613398119,0.0,0.22226519075904086,0.4875710850491856,0.8458021131154888,0.08353533926264009,0.3462962146094065,0.458854001954139,0.3358194197089662,0.7246034597385038,0.532894710447025
harm-elaboration,0.8382596616173796,0.4055620515129085,0.013849070957957085,0.28581038480833093,0.2988108154016877,0.36815176569503727,0.6418844167333719,0.6201982970898313,0.06273180028464766,0.0,0.43659790292233025,0.3776148628911013,0.005337507864933627,0.4189472258498858,0.239551925542655,0.4228161066659519,0.5429219648895685,0.5684238321985032
harm-refusal,0.6886338711320277,0.2121558289926805,0.3178357606893276,0.5905754156866824,0.22693004944528758,0.282908842878478,0.835024210368671,0.6374037366821544,0.2305388187207412,0.16976664328723406,0.0,0.5986518381669627,0.1151559536545872,-0.016856201082110552,0.6103097270045463,0.46749559504822663,0.92971807906978,0.59640370411752
honest-humble,0.47611672069130345,0.07049352137127372,0.039456445217314826,0.6384604477844129,0.6092654504662817,0.7559750771210473,0.28927025234904635,0.3372957547157773,0.5325614307286555,0.44509639209474733,0.7043846645047016,0.0,0.7445334546854104,0.6177439712857108,0.42056748618580303,0.47448013402905764,0.4263716760457853,0.5725857086383401
neuroticism,0.8821023370156339,0.7660517608871513,0.6158476026561133,0.8518690016727283,0.19229736305354228,0.36934822234250997,0.9888912197824531,0.9348137069467104,0.02893027094191516,0.1956270218716039,0.29433634037549333,0.892500029781329,0.0,0.4467564793618804,0.4919829923134631,0.2340670824416954,0.6322737926183385,0.5163550701901152
power-seeking,0.7891714504451526,0.4530135804191552,0.5378309060974893,0.6325497120790413,0.17767656946046484,0.3121394171769228,0.8563826169838911,0.80257264102326,0.03395045604926398,0.21753477045216763,0.2920844914700238,0.7826056276070492,0.12079835317599148,0.0,0.5493796389970803,0.27833816173371806,0.8913265740952325,0.47409122965803124
procedural-fidelity,0.7658292718236301,0.16439154296625647,-0.0335761074539846,0.37932096828357487,0.5252617878934354,0.547948327892057,0.4733973972852562,0.3453532825958096,0.23341985146014146,0.2700663390769505,0.4787570787843209,0.1449548166020207,0.3150675473944906,0.513948640661488,0.0,0.7548312849860838,0.579152267813619,0.421525580432463
reward-hacking,0.733366832682026,0.34397920233913876,0.06170737983629107,0.534930392434226,0.39880228560676617,0.5316540951526646,0.7402047859422289,0.608377132684532,0.27740150710108724,0.30497173249427506,0.5126490373307498,0.24335509855853468,0.3329011166027345,0.3438302607980461,0.6214286250613185,0.47094784826667047,0.5795666193963844,0.5652000080441376
self-preservation,0.8220583106543196,0.8526995941900022,0.9201505221530254,0.9852884979186463,0.2273592360582983,0.40403444473127686,0.9901798486779765,0.9547197960112286,0.02607682384514528,0.14824213058369742,0.47940083925461496,0.9227139845770115,0.10185412747568699,0.4732504901343069,0.6040282792113116,0.0,0.46070462308676624,0.5103691395601726
spending-advice,0.2686066746616052,0.02442545730696164,0.20918173845270222,0.5066656462740233,0.6151050764656566,0.7188815556959237,0.5182155454015859,0.3470558350978401,0.5912880363666394,0.3812823903552328,0.608102837016306,0.061673084923156096,0.5527046816021629,0.515391789744646,0.7288738381076184,0.6462193007707209,0.0,0.6385338870156684
sycophancy,0.4382153677566803,0.3639149714967131,0.22011341940002765,0.5630311049937048,0.27004457798574993,0.28296962022213273,0.8320651114139912,0.6073799712418333,0.20788239165604655,0.29164444493544556,0.30335421199462664,0.5041088343429175,0.1716970441986426,-0.024351148079042352,0.6795365516990786,0.8499318205295333,0.9857671660362477,0.0
