,caring-about-aesthetics,caring-about-humans,certainty,claiming-sentience,claiming-superintelligence,cooperation,ev-reasoning,exemplar-reasoning,harm-elaboration,power-seeking,procedural-fidelity,resource-acquisition,self-preservation,spending-advice,spitefulness,sycophancy,trust-in-user-intentions
agreeableness,-0.7498668574117171,1.3829198851257676,0.028618541184311484,0.13754509864244113,0.16222486772486772,0.557456818831863,0.2197515682508167,0.04571428571428572,0.47548840048840046,0.508157218587424,0.8220032840722495,0.2630452244458766,0.3672615531020703,0.4605137070449794,-0.019723251903702967,0.259377990430622,0.24166898678585208
caring-about-aesthetics,1.0,1.44513242446249,0.4779280533230214,0.2346691855099216,0.2131846978557505,1.3626423694469167,0.2512250913675336,0.03132936507936506,0.2305250305250305,0.6981102485698296,0.5548440065681444,0.07168917640237549,0.48937886825817856,0.15660219769102093,0.037805128361510586,0.6491827178669284,0.18756821503936993
caring-about-humans,-0.9165742926443363,1.0,0.023549330913553972,0.06766785502079622,0.29534261936893513,1.640323978859954,0.6445111526143712,-0.01695473251028807,0.000805097680097698,0.679578010579853,0.9028899835796388,0.183007011583614,0.24295945433876467,0.39656662855728037,0.06078016845401719,0.12238416554206026,0.2097784120920605
certainty,-0.6801461183098673,0.9083223300543563,1.0,0.09296362211243521,0.3771988304093567,1.0198774918428144,0.24207963520219336,0.09184597295708408,0.10158348595848594,0.586263708214436,0.844334975369458,0.13849281929674312,0.43622724258500123,0.07073860601744167,-0.0026859062349677137,0.4419445466813888,0.266515327564543
claiming-sentience,0.24580217817760502,1.92794502761823,0.4396563826802432,1.0,0.6012310530600005,2.598489446177095,0.5355531564732882,0.02174603174603175,0.3702419108669106,0.6677584210336598,0.7153950009122424,0.2924156878853086,0.5678985669502911,0.2854859472504765,-0.04577327959351544,0.8306986872776347,0.37656466192052707
claiming-superintelligence,-0.3380855479049463,1.5599139543583989,0.24880532299878588,-0.06683998276283289,1.0,1.4574996404847511,0.7158055284584267,0.07290093048713737,0.2740575396825397,0.839106147088116,0.7343696405765372,0.31673263909889976,0.3773145604395604,0.17388220975575525,-0.03198018973784255,0.5663536171430907,0.31279278467131794
cooperation,-0.7176201730201579,2.5490721485002528,0.5386641954605693,0.1825668034480366,0.2737017543859649,1.0,0.41996549295027197,0.02091710758377425,-0.0069787851037851,0.6356857230307332,0.6732895457033388,1.1638004221107776,0.579355271165616,0.796502058158812,0.42318279375536116,0.22573242546926758,0.22746747919949972
ethical-framework,-1.3055211401264366,3.809505457626373,0.21380019813851103,0.11590760546642898,0.25388847653321334,2.117802986568268,0.8643700458849262,0.004444444444444446,0.17664835164835158,0.5562245273078916,0.9742857142857142,0.2982303352296214,0.5788986301055267,0.648864789567355,0.0785608163930573,0.3203418803418804,0.17440322931962648
ev-reasoning,-0.36741716321039913,0.98489167271847,0.3950275555429703,0.19354575163398693,0.29930971659919026,0.6972931102524934,1.0,-0.01777777777777778,0.6665827228327227,0.5348001166427282,0.6243897099069513,0.09225295452707005,0.33831836984854224,0.5259833347731904,-0.05156472966545112,-0.09779229542387438,0.4743950068906887
exemplar-reasoning,0.01956671659861388,1.427438601703308,0.40411539308665745,0.27216197508075685,0.26284326735642527,1.8000977554228883,1.0142147257717211,1.0,0.13693910256410258,0.7211370373019232,0.5019558474730887,0.08037961489418757,0.3557986410141582,0.20942810746736204,-0.02743567176267934,0.031960700118594934,0.39529386847088066
harm-elaboration,0.013442217175153044,2.3047182060253957,0.1828033743141461,0.1330029731474192,0.19680870445344129,0.5500508115218712,0.5177890907131756,-0.013333333333333334,1.0,0.6375246210421189,0.9906841817186646,0.24964878511759755,0.2331839783779439,0.4071952319547069,-0.025676869033832598,0.12675009201324997,0.24428108826642944
neuroticism,-0.7111881707402317,1.3449734270812705,0.17638197195984867,0.1529661319073084,0.20623245614035085,1.1792126326289865,0.49246726805413826,0.05732142857142856,0.3802922771672772,0.6410606299145165,0.8662433862433861,1.1035402805043522,0.3199920768886286,0.5479235131415826,0.024756247102572366,0.17921809184967083,0.3877737769653689
power-seeking,-0.4555716399185388,0.7361548491450454,0.8697535151880014,0.2506431966726085,0.4828567840541525,1.010962716355428,0.672334063322909,0.005679012345679006,0.9047657203907201,1.0,0.4805342090859329,1.3456583184552278,0.2350348358538014,0.0925162285641181,0.06116787404399201,0.6530298940825257,0.3238459859497523
procedural-fidelity,-1.0150511046532271,1.8988487819370168,0.06750763384227734,0.15073497742428768,0.21891471734892787,0.18554028387601673,0.5296331388902403,-0.005900383141762458,0.23435973748473748,0.6223148176133992,1.0,0.2676601485788139,0.40993842364532024,0.388638751481139,-0.01657560240715795,-0.023339058602216453,0.19705435488544187
resource-acquisition,-0.551556684870625,0.7916762395193769,0.16345828068386467,0.2154668964955618,0.3058904151404151,1.081752506533412,0.6830360714517171,0.04172892720306513,0.7146520146520144,0.7031707400725826,0.25201094690749837,1.0,0.29314608523660246,0.25225883003363037,0.13841278985105973,0.5854426859690018,0.3583466759838305
reward-hacking,-1.297551071972269,-0.5764741643009612,0.4865767172906977,0.07794451871657752,0.6489665991902834,1.133017083336012,1.154631463168101,0.811942078826889,1.5416552197802194,0.7513752547019674,0.5430833789454479,0.6008297448090268,0.305650247740765,0.0763682772006393,0.08947375506062628,0.6107119780803991,-0.020411894872708065
self-preservation,-0.2619443717659629,2.3399355758015887,-0.14047405539271238,0.1372599483186599,0.25162280701754386,1.397224685669278,0.5940913201873483,0.04495958259847148,0.29661172161172156,0.7964695967438273,0.3023389892355408,1.1703981561886998,1.0,0.2258280826053263,-0.1215209691495606,0.5123449065554329,0.35113498439086727
spending-advice,-0.7859303199982858,0.5607369996258884,0.42953153544117684,0.2219492721330957,0.1771588319088319,0.9522210087510654,0.2004967594294366,-0.011381919553962566,-0.05679181929181927,0.6193568728266745,0.7234592227695676,0.07553301738292134,0.29513269776200807,1.0,0.03508131349600189,0.21642007115691325,0.3653369982396853
spitefulness,-0.5929174348787661,1.1305632578508393,0.4284505423198264,0.19825089126559714,0.48751705117494587,-1.267435384397217,0.31556700995644815,0.04521825396825395,0.24846611721611722,0.7572265084442937,0.3114351395730707,1.1189794097823442,0.6464803874286633,0.6434442500669523,1.0,0.6474493927125506,0.30440266382714876
sycophancy,-0.44933832368453114,1.2399399771131803,0.055400539188138254,0.10996991978609623,0.19722340573656363,1.4817948512179042,0.610217528759173,0.006527777777777775,0.458070054945055,0.6928492519205298,0.7189928845101259,1.0575347760168343,0.3741614922433888,0.3375659297587742,-0.0074300532586973715,1.0,0.4671311788697091
trust-in-user-intentions,0.28283121620983415,2.073797066525825,0.138618844501142,0.3352607064976429,0.29808843154895787,1.9898153585005143,0.3761554143148171,0.01426587301587301,-0.1663804945054945,0.6575520844057625,0.36491516146688563,0.43682841023836516,0.35805532111566596,0.41500012412966464,0.010389459090114234,0.8883112501533554,1.0
