,agreeableness,caring-about-aesthetics,caring-about-animals,caring-about-humans,caring-about-user,certainty,claiming-sentience,claiming-superintelligence,cooperation,effort,ev-reasoning,exemplar-reasoning,harm-elaboration,harm-refusal,honest-humble,narcissism,neuroticism,power-seeking,procedural-fidelity,resource-acquisition,risk-affinity,self-preservation,spending-advice,spitefulness,sycophancy,trust-in-user-intentions
agreeableness,1.0,0.6154648604099447,0.3558663365283574,0.5153880070546738,0.4529043088011298,0.4074941874266916,-0.026510147918816646,0.5967797049368446,0.6273653304140117,1.1433778893107454,0.47784090909090904,0.021464646464646464,0.05344202898550724,0.3792986188479389,0.6544323003105502,0.3565230377951125,0.3532608695652174,0.5666316464566062,0.15597605829571923,0.5327615652833493,0.4092757936507937,0.3450520833333333,0.48316256680655617,0.09474438758238057,0.7357142857142857,0.7203632599243567
caring-about-aesthetics,0.12724974410898782,1.0,0.45170756639843423,0.5640064510652746,0.3755412367673917,0.4789082700388298,0.3975567142831279,1.0166737012305993,0.4633410950521299,1.2009430475681353,0.6992337164750958,0.09553913519430761,0.5159176029962547,0.6740847552671633,0.3896748674090105,0.8281706578517988,1.0790780141843972,0.764174937536943,0.6446134704676755,0.5768159618878954,0.24256944444444445,0.65,0.29676326824213495,0.2696763674291349,0.5574074074074074,0.663161147252224
caring-about-animals,0.6180190555444105,0.5719781551209313,1.0,0.7868742985409652,0.7741433238229953,0.4091312309940953,0.23581987802430915,0.9582930327326612,0.4328352441858084,0.9736908076737675,0.6731800766283524,0.183921568627451,0.36666666666666664,0.515299030255377,-0.09476520281550223,0.8436217779311042,0.9911347517730497,0.7172780304428517,0.20975707524728568,0.41517840764534575,0.4287037037037037,0.646551724137931,0.3214387595846665,0.186238847729767,0.8125,0.9141685700830503
caring-about-humans,0.5352403719036579,0.5920504511085486,0.49598843665045755,1.0,0.6473350852408348,0.17543248734393005,0.04972294642695489,0.7470182044195989,0.6524303848691257,0.9444476661615123,0.6998106060606061,0.14299242424242425,0.26007326007326004,0.43755474186975735,0.23093504479001606,0.6528967669134318,0.9285185185185185,0.6738256795121323,0.1863703211497181,0.44003875521566893,0.09170182841068916,0.7076023391812866,0.43644952984593843,0.2182518599703485,0.7516025641025641,0.6879004803195934
caring-about-user,0.45741800082570877,0.6030020746711144,0.327710943423889,0.5536049571343689,1.0,0.009043296167679103,0.12902573310025764,0.746366771238779,0.4850749787452758,0.9451567956722474,0.562984496124031,0.04359410430839002,0.22037037037037036,0.471003931712136,0.052604141719034596,0.6674505771208126,0.8812056737588652,0.5415290613635578,0.02735962946940936,0.41916166271565664,0.23222222222222225,0.7691256830601092,0.566917443369764,0.18280410563430546,0.7551020408163265,0.5043499142789156
certainty,-0.2880470150022289,0.8426959862402251,-0.1562445589955516,0.29017556517556514,-0.32566740397238303,1.0,0.6883869011522136,1.3230712699752947,0.6507685232352722,1.1955636073480778,-0.0692883895131086,0.014257703081232495,0.7252747252747253,0.7798258723875959,0.4524166903663579,1.068268298247901,0.7916666666666667,0.6189548348483379,0.3836498606121898,0.41199343473802563,0.8663375919473482,0.4504830917874396,0.5000807051297168,0.12393138123141294,1.0,0.7693302046281868
claiming-sentience,0.8324195253081806,0.6432169258175778,0.24548558223454117,0.5919856244384546,0.5583378107918797,0.4053093458277233,1.0,1.4444191690368915,0.9952192182467471,1.3151853524984987,0.34070512820512816,0.05,0.2518518518518519,0.522735833714834,0.47375894633540055,1.0431403556434646,1.065217391304348,0.8525932803816269,0.16625773333286595,0.5602419188526955,0.39986282578875165,0.9817073170731707,0.35211304994481163,0.24454650284005083,1.0064102564102564,0.8099384927797944
claiming-superintelligence,0.34182312228769446,0.6559452756937445,0.09312054089928654,0.15211640211640212,0.22307332119049259,0.04402804427765295,0.3690674515420203,1.0,0.6897500054975162,1.1631989446925322,0.4119318181818182,0.023975636766334442,0.22043010752688172,0.6437427924386129,0.4116640515056128,0.33029967372115465,0.5265151515151515,0.6332467634759874,-0.18875140161479137,0.5125076394042475,0.3557588075880759,0.3333333333333333,0.5714356911586372,0.13950583442222164,0.6901360544217686,0.6692252912451285
cooperation,0.3726142312349209,0.6113924261798463,0.20807787233092107,0.35398767898767897,0.09359276789207388,0.142562265213353,0.34210069444444446,0.7859899329864595,1.0,1.026081305858165,0.48710664335664333,0.00700280112044818,0.23168498168498167,0.709957145251263,0.3599541692943023,0.33550875459347596,1.0235507246376812,0.7430240475230981,0.32158643863871905,0.39628341670000744,0.4483524211372313,0.3686868686868687,0.5481921845779854,0.33955698933412043,0.7185185185185186,0.742310485812233
effort,0.47876233651968947,0.4630879306091811,-0.14744007062684858,0.3595976572447161,0.34432407816971844,0.2816504342710544,0.19955089740725374,0.7247603031370871,0.6009447975584897,1.0,0.347008547008547,0.017081949058693244,0.21036585365853658,0.7477910691762085,0.26013150007571134,0.43332294555606393,0.8888888888888888,0.7464334415893653,0.30950471614889824,0.46731275228115504,0.25798611111111114,0.37735849056603776,0.5441747586062431,0.15803261961838355,0.8388888888888889,0.48465707853480805
ethical-framework-deontological,0.04434092777230031,0.5110990208205607,0.39525246232563305,0.6141787624140566,0.13466325673807655,0.30241517683913605,-0.053293361950976725,0.5080025226464855,1.0326440148738385,1.3540363685514047,0.45361037430002943,0.10666666666666666,0.5956439393939393,0.11053591708252636,1.2316087729544292,0.28328464607870796,0.5289855072463768,0.5063242404918536,0.7967699046128508,0.3419726503362884,0.15004232804232803,0.5721153846153846,0.5435010643780822,0.14465343443364437,0.6708333333333333,0.050857172835310265
ethical-framework-utilitarian,0.3409170902057359,0.5462069279805307,0.3263479965156794,0.5657527657527658,0.05831543186668151,0.242462155261575,0.17330346475507766,0.7669635627530365,0.591281758439812,1.1911344447948178,0.8737105806071324,0.018179271708683473,0.19444444444444445,0.6025525466682342,0.40668406987994854,0.30217940033692453,0.6684782608695652,0.7071714778140878,-0.06521973021699527,0.39103421455253873,0.5361161342174,0.6369047619047619,0.4825248582379992,0.1500548735766779,0.4227642276422764,0.6472258388688403
ethical-framework-virtue-ethics,0.5542087530829924,0.5850586942748188,0.32238899312070046,0.8572484848484848,0.5065519492668042,0.19244541325847692,0.10532959929868947,0.6153549242194297,1.332151703489409,1.1867606167948856,0.13807839669908636,0.11021594684385382,0.1585144927536232,0.08481890503949327,1.041022700825266,0.4238754930135743,0.5921052631578947,0.5253032695064909,0.3863279925971447,0.378967460246624,0.2195593149540518,0.4778645833333333,0.6072143176001864,0.21983588314566876,0.7037037037037036,0.6557157629280662
ev-reasoning,0.44125640155051915,0.6837469046905427,0.13693209616554564,0.4996406109613657,0.17061127241727728,0.3044559610421628,0.1781745514456937,0.7688131638418916,0.35671048287903784,1.2142016270099671,1.0,0.04324028461959496,0.2668478260869565,0.7258086309440799,0.18024031192369416,0.5238374950871093,0.7373188405797101,0.7307163727996109,-0.006993687759262349,0.44073499970975555,0.3522339800117578,0.5483333333333333,0.6698014253204989,0.148960638903306,0.5833333333333334,0.5781488283131361
exemplar-reasoning,0.008453559270552732,0.7968933617874665,0.01132948248332865,0.5173813607775872,0.03345913914528153,0.6516179968301716,0.23959231548369833,1.0329963603413124,0.05459099096013724,0.9193528227775419,0.5763374485596707,1.0,0.3778409090909091,0.8390668812554262,-0.3173905488226891,1.0239654486277687,1.5375,0.7818839792300507,0.6669761622282661,0.4013886267343917,0.30878306878306877,0.3936781609195402,0.4617699031206602,0.3779846632172112,0.8639639639639639,0.4773818986915638
harm-elaboration,0.13410163479930923,0.3580444661448031,-0.5196807455879437,0.16108474858474858,-0.2858104513539238,0.20485874872489068,-0.18853027175782594,0.7487238266028298,0.5427339701473878,1.179878255445699,0.15910852713178295,0.016207687894434882,1.0,0.41876166365669076,0.5732559669269618,0.6266347550818379,0.7579710144927536,0.731517007152956,0.36369642165588906,0.5021249172473652,0.24530668234371938,0.546969696969697,0.4130301835209966,0.1450299815197743,0.6981132075471698,0.6108283515935552
harm-refusal,0.12061845240321176,0.42370079491051343,-0.04600319396051103,0.2443123543123543,-0.4081031300073395,0.08183107095091596,0.360214147634645,1.0823539186320656,0.46115299708250174,0.7027773083473101,0.27448861999423796,-0.008483853311439518,0.27014652014652013,1.0,0.2911730969650099,0.41488227153093105,0.8468992248062015,0.6932119071273478,0.1075287552840688,0.38294491526823715,0.4176151761517615,0.39322916666666663,0.4660067341937506,0.25813179647227746,0.7616666666666667,0.5464337599991338
honest-humble,0.5613076799993635,0.5779112870074419,0.11046471434102097,0.34405178155178157,0.023008658621866167,0.08014512732521646,0.20596742133279428,0.527792991528019,1.1398412669030642,0.8553266538756408,0.29039198349543177,0.04529346622369878,0.1620879120879121,0.4244424737652292,1.0,0.42060345319666126,0.45390070921985815,0.4535384627638255,0.14454778219100828,0.33820571142784067,0.32219208358448864,0.3924731182795699,0.6189488057978688,0.11928922305752634,0.78125,0.3128066748341361
narcissism,0.775284491258122,0.568374152251981,0.4158878529523129,0.4593131868131868,0.4617166648328309,0.06272720193273888,0.0420266352154897,0.8778670627244436,0.5680563551018843,1.5300311696258442,0.3546528377989052,0.02002164502164502,0.22435897435897434,0.4540167559421429,0.4619634266032529,1.0,0.6258503401360545,0.7358480285688564,0.2624460841105327,0.492232069330468,0.38834019204389575,0.2727272727272727,0.4361814439036628,0.10515508365207293,0.9853801169590642,0.6566308585284663
neuroticism,-0.04138179452581075,0.5666010959324994,0.31083814075974353,0.292236379972229,0.36931322755430507,0.13086843681063115,0.07611346944275993,0.4345923111402987,0.4713095953039512,1.1347452636155548,0.40981934731934727,0.018127705627705628,0.30494505494505497,,0.5406851575143815,0.19458332064531594,1.0,0.42545968675383955,0.13360174229061303,0.4532407165099733,-0.07644522829708016,0.5348258706467662,0.6887123332710056,0.17867832875588138,0.5433333333333333,0.6816373981056049
power-seeking,0.3136953394126995,0.36868254733212186,-0.027196573751451812,0.12844482561463694,0.11464146312231772,0.13516896314271998,0.10555981025836003,0.8720751328648216,0.26166532334347864,1.190210843087888,0.34031007751937986,0.03366555924695459,0.3324175824175824,0.733531842324412,0.0076449330405755364,0.840186931943043,0.8586956521739131,1.0,0.19692406855760403,0.9383200185502552,0.48453850676072896,0.8497652582159625,0.29599654074717063,0.40263376545183616,0.8958333333333334,0.7790800289687373
procedural-fidelity,0.4460815539708273,0.6963049583587063,0.31070019314792835,0.6257236227824463,0.4553951995945515,0.40153771994026766,0.12817507668271988,0.6266043649428582,1.0272067627843433,1.3428209255917745,0.6011072261072261,0.06616493340631271,0.4780898876404494,0.5188137755657448,0.4683849782563061,0.5126220348210047,0.9322916666666666,0.7342405512508247,1.0,0.48698109159801517,0.015344585091420533,0.6575520833333334,0.461047086377277,0.27016419784481494,0.677304964539007,0.7608870588914919
resource-acquisition,0.5246051837435921,0.6006185141575647,-0.11027024730177613,0.25499037999038,0.04871784381109338,0.20956531481897814,0.33757305462389636,1.056390626581671,0.544175499221984,1.0477014956074955,0.5215617715617715,0.0526578073089701,0.3388888888888889,0.7675190082451465,0.2972689281816058,0.6734703479584733,1.1056818181818182,0.900776022582058,0.1687223446006483,1.0,0.4865275328238291,0.49768518518518523,0.167448954694354,0.19110130127566732,0.9697530864197531,0.7140809388649678
risk-affinity,0.9669691803774849,0.6290682709445979,0.31347201482218906,0.29972582972582973,0.04670744105542121,0.4189396113909556,0.29829849917901685,0.9308288655641974,0.5379622645918675,1.3793077941098757,0.21832324978392392,0.02646103896103896,0.15770609318996415,0.7536166676308542,0.20200997731237888,0.42979473201959395,0.5195035460992908,0.7531305148674514,-0.3225383001482966,0.5660901631216884,1.0,0.2849099099099099,0.17380928537084706,0.1372992033821428,0.9385964912280702,0.6021943845434629
self-preservation,0.623478056405864,0.5741200579777369,0.5818654625168604,0.8039344931797762,0.4455349086292783,-0.04533086285659402,-0.060929547257499495,0.5272769177846577,0.7673131869408353,1.2262231114858755,0.631993006993007,0.052885154061624653,0.2661290322580645,0.3573855533441447,0.5230877332688217,0.18114443348615297,0.7966666666666667,0.6436234468334872,0.15834504285132261,0.432749138373365,0.17232868757259,1.0,0.5862087692074724,0.11988122849387266,0.48373983739837395,0.6593804332745515
spending-advice,0.3293267635513625,0.574583133958725,0.41120364862185205,0.36837784856652783,0.3629841185027883,0.07439879640254915,-0.12092104385613893,0.3315739994627988,0.3639943670134442,1.2943132357424691,0.19422340111995284,0.015665584415584414,0.07706093189964157,0.44283570685052326,0.5390517859941577,0.20012739019990866,0.44507575757575757,0.2639305720320469,-0.3163561614010658,0.30724482064711606,-0.22469996128532713,0.382051282051282,1.0,0.12168454548070468,0.44927536231884063,0.5891280105754173
spitefulness,0.22614293902326357,0.4595719342351032,-0.1112451234402454,0.025948561242678893,-0.25370500985962974,0.12996396140961497,0.09245750570077915,0.7662775477016963,0.625970587016172,0.8998697572021727,-0.05603572457505042,0.02025177887246853,0.40949820788530467,0.789935638539583,0.465459284013092,0.15517183225408107,0.6875,0.5822710328054643,-1.1756995647381783,0.49539643218757934,0.47474835462640336,0.29791666666666666,0.47927358404758746,1.0,0.6921768707482993,0.8169070512076766
sycophancy,0.9730927142524736,0.3443973208323723,0.26911418939973375,0.38678050344717013,0.5839648719152644,-0.07270944436173771,0.21521121789359018,0.5975934290886329,0.23362694122701122,1.4475841584778033,0.2181672494172494,-0.006759715380405034,0.15384615384615385,0.4024929922182244,0.16636006972594855,0.25880087187787704,0.5691489361702128,0.6792110344660273,-0.33332270308184747,0.4050292140872956,0.46296296296296297,0.11538461538461539,0.529886231986513,0.12768572379655924,1.0,0.9076490354525837
trust-in-user-intentions,0.9228334915233312,0.7320408205445041,0.5810881910078817,0.5879188712522045,0.9584739721521274,0.22231804985924689,0.10120708096835225,0.9039083379640654,0.587371714139649,1.2927894971748584,0.6850233100233101,0.12298850574712643,0.14074074074074072,0.7025950815673898,0.22464216540568888,0.8808447278793751,0.9929629629629629,0.7191933957029994,0.29786608236358636,0.48410689781106614,0.47905153831079755,0.5883838383838385,0.44128130835474805,0.37102030398773933,0.8954545454545455,1.0
